{"cameraMode":{"drawMode":0,"name":"Shaded","section":"Shading Mode"},"sceneLighting":true,"audioPlay":false,"sceneViewState":{"showFog":true,"showMaterialUpdate":false,"showSkybox":true,"showFlares":true,"showImageEffects":true,"showParticleSystems":true},"in2DMode":false,"pivot":{"x":1.547019600868225,"y":1.9633527994155884,"z":1.9460878372192383},"rotation":{"x":0.11899074167013169,"y":-0.3057209253311157,"z":0.03847785294055939,"w":0.9439286589622498},"size":2.8578836917877199,"orthographic":false}