{"cameraMode":{"drawMode":0,"name":"Shaded","section":"Shading Mode"},"sceneLighting":true,"audioPlay":false,"sceneViewState":{"showFog":true,"showMaterialUpdate":false,"showSkybox":true,"showFlares":true,"showImageEffects":true,"showParticleSystems":true},"in2DMode":false,"pivot":{"x":3.9545578956604006,"y":2.0536980628967287,"z":7.865427494049072},"rotation":{"x":0.1250806748867035,"y":-0.5483976602554321,"z":0.08338387310504914,"w":0.8225999474525452},"size":26.378599166870118,"orthographic":false}