{"cameraMode":{"drawMode":0,"name":"Shaded","section":"Shading Mode"},"sceneLighting":true,"audioPlay":false,"sceneViewState":{"showFog":true,"showMaterialUpdate":false,"showSkybox":true,"showFlares":true,"showImageEffects":true,"showParticleSystems":true},"in2DMode":false,"pivot":{"x":4.224407196044922,"y":1.6144073009490967,"z":4.907341480255127},"rotation":{"x":-0.2087564915418625,"y":0.3572906255722046,"z":-0.08452105522155762,"w":-0.9068888425827026},"size":8.198053359985352,"orthographic":false}