{"cameraMode":{"drawMode":0,"name":"Shaded","section":"Shading Mode"},"sceneLighting":true,"audioPlay":false,"sceneViewState":{"showFog":true,"showMaterialUpdate":false,"showSkybox":true,"showFlares":true,"showImageEffects":true,"showParticleSystems":true},"in2DMode":false,"pivot":{"x":0.21019428968429566,"y":1.2821813821792603,"z":2.7470016479492189},"rotation":{"x":0.009152042679488659,"y":-0.9891209602355957,"z":0.11699400097131729,"w":0.09310504794120789},"size":0.42942681908607485,"orthographic":false}