{"cameraMode":{"drawMode":0,"name":"Shaded","section":"Shading Mode"},"sceneLighting":true,"audioPlay":false,"sceneViewState":{"showFog":true,"showMaterialUpdate":false,"showSkybox":true,"showFlares":true,"showImageEffects":true,"showParticleSystems":true},"in2DMode":false,"pivot":{"x":0.8220173120498657,"y":5.1217780113220219,"z":-3.421194314956665},"rotation":{"x":-0.17247822880744935,"y":-0.05021275579929352,"z":0.007622470613569021,"w":-0.9840193390846252},"size":0.9671887159347534,"orthographic":false}