{"cameraMode":{"drawMode":0,"name":"Shaded","section":"Shading Mode"},"sceneLighting":false,"audioPlay":false,"sceneViewState":{"showFog":true,"showMaterialUpdate":false,"showSkybox":false,"showFlares":true,"showImageEffects":true,"showParticleSystems":true},"in2DMode":false,"pivot":{"x":0.045499980449676517,"y":-0.036299943923950198,"z":0.9388140439987183},"rotation":{"x":-0.08074218779802323,"y":-0.7256714105606079,"z":0.08310566842556,"w":-0.6788408756256104},"size":4.247648239135742,"orthographic":false}