{"cameraMode":{"drawMode":0,"name":"Shaded","section":"Shading Mode"},"sceneLighting":true,"audioPlay":false,"sceneViewState":{"showFog":true,"showMaterialUpdate":false,"showSkybox":true,"showFlares":true,"showImageEffects":true,"showParticleSystems":true},"in2DMode":false,"pivot":{"x":0.9190458059310913,"y":1.121751308441162,"z":2.6988162994384767},"rotation":{"x":0.0021624702494591476,"y":-0.9897403717041016,"z":0.14299644529819489,"w":0.02341270260512829},"size":0.9671887159347534,"orthographic":false}