{"cameraMode":{"drawMode":0,"name":"Shaded","section":"Shading Mode"},"sceneLighting":false,"audioPlay":false,"sceneViewState":{"showFog":true,"showMaterialUpdate":false,"showSkybox":false,"showFlares":true,"showImageEffects":true,"showParticleSystems":true},"in2DMode":false,"pivot":{"x":0.16512000560760499,"y":-0.029760001227259637,"z":0.1680000126361847},"rotation":{"x":0.009795344434678555,"y":0.9846705198287964,"z":-0.16657045483589173,"w":0.05566089227795601},"size":22.0,"orthographic":false}